{"cameraMode":{"drawMode":0,"name":"Shaded","section":"Shading Mode"},"sceneLighting":false,"audioPlay":false,"sceneViewState":{"m_AlwaysRefresh":false,"showFog":true,"showSkybox":false,"showFlares":true,"showImageEffects":true,"showParticleSystems":true,"showVisualEffectGraphs":true,"m_FxEnabled":true},"in2DMode":false,"pivot":{"x":3.5572762489318849,"y":2.6267733573913576,"z":-1.3613916635513306},"rotation":{"x":0.1198970228433609,"y":-0.7119739651679993,"z":0.1252884566783905,"w":0.6803305149078369},"size":0.02794509567320347,"orthographic":false}