{"cameraMode":{"drawMode":0,"name":"Shaded","section":"Shading Mode"},"sceneLighting":false,"audioPlay":false,"sceneViewState":{"m_AlwaysRefresh":false,"showFog":true,"showSkybox":false,"showFlares":true,"showImageEffects":true,"showParticleSystems":true,"showVisualEffectGraphs":true,"m_FxEnabled":true},"in2DMode":false,"pivot":{"x":3.065246343612671,"y":1.6253483295440674,"z":3.745147466659546},"rotation":{"x":0.07565784454345703,"y":-0.865812361240387,"z":0.1377318948507309,"w":0.47488459944725039},"size":0.028928041458129884,"orthographic":false}