{"cameraMode":{"drawMode":0,"name":"Shaded","section":"Shading Mode"},"sceneLighting":false,"audioPlay":false,"sceneViewState":{"m_AlwaysRefresh":false,"showFog":true,"showSkybox":false,"showFlares":true,"showImageEffects":true,"showParticleSystems":true,"showVisualEffectGraphs":true,"m_FxEnabled":true},"in2DMode":false,"pivot":{"x":4.5328850746154789,"y":2.163213014602661,"z":0.22674958407878877},"rotation":{"x":0.109223872423172,"y":-0.697698175907135,"z":0.10882027447223664,"w":0.6994916796684265},"size":0.028928041458129884,"orthographic":false}