{"cameraMode":{"drawMode":0,"name":"Shaded","section":"Shading Mode"},"sceneLighting":false,"audioPlay":false,"sceneViewState":{"m_AlwaysRefresh":false,"showFog":true,"showSkybox":false,"showFlares":true,"showImageEffects":true,"showParticleSystems":true,"showVisualEffectGraphs":true,"m_FxEnabled":true},"in2DMode":false,"pivot":{"x":-0.007137328386306763,"y":0.34916478395462038,"z":-1.9043231010437012},"rotation":{"x":0.0008077198872342706,"y":-0.9986122846603394,"z":0.048281241208314899,"w":0.015655305236577989},"size":2.6082279682159426,"orthographic":false}