{"cameraMode":{"drawMode":0,"name":"Shaded","section":"Shading Mode"},"sceneLighting":false,"audioPlay":false,"sceneViewState":{"m_AlwaysRefresh":false,"showFog":true,"showSkybox":false,"showFlares":true,"showImageEffects":true,"showParticleSystems":true,"showVisualEffectGraphs":true,"m_FxEnabled":true},"in2DMode":false,"pivot":{"x":-2.3710484504699709,"y":-0.011044965125620366,"z":2.514725685119629},"rotation":{"x":0.11052948236465454,"y":-0.18923582136631013,"z":0.021293440833687784,"w":0.9753631353378296},"size":5.458545207977295,"orthographic":false}