{"cameraMode":{"drawMode":0,"name":"Shaded","section":"Shading Mode"},"sceneLighting":false,"audioPlay":false,"sceneViewState":{"m_AlwaysRefresh":false,"showFog":true,"showSkybox":false,"showFlares":true,"showImageEffects":true,"showParticleSystems":true,"showVisualEffectGraphs":true,"m_FxEnabled":true},"in2DMode":false,"pivot":{"x":4.696805477142334,"y":2.2845590114593508,"z":-1.006549596786499},"rotation":{"x":0.10811895877122879,"y":-0.6253923773765564,"z":0.08790457993745804,"w":0.7676658630371094},"size":0.024338584393262864,"orthographic":false}