{"cameraMode":{"drawMode":0,"name":"Shaded","section":"Shading Mode"},"sceneLighting":false,"audioPlay":false,"sceneViewState":{"m_AlwaysRefresh":false,"showFog":true,"showSkybox":false,"showFlares":true,"showImageEffects":true,"showParticleSystems":true,"showVisualEffectGraphs":true,"m_FxEnabled":true},"in2DMode":false,"pivot":{"x":2.56890606880188,"y":1.6557018756866456,"z":1.6574153900146485},"rotation":{"x":0.08619987964630127,"y":-0.7381159067153931,"z":0.09589164704084397,"w":0.6621195673942566},"size":0.024338584393262864,"orthographic":false}