{"cameraMode":{"drawMode":0,"name":"Shaded","section":"Shading Mode"},"sceneLighting":false,"audioPlay":false,"sceneViewState":{"m_AlwaysRefresh":false,"showFog":true,"showSkybox":false,"showFlares":true,"showImageEffects":true,"showParticleSystems":true,"showVisualEffectGraphs":true,"m_FxEnabled":true},"in2DMode":false,"pivot":{"x":0.5492435097694397,"y":1.056374192237854,"z":9.702437400817871},"rotation":{"x":0.048289041966199878,"y":-0.014931281097233296,"z":0.0004246846947353333,"w":0.9986521005630493},"size":8.708414077758789,"orthographic":false}