{"cameraMode":{"drawMode":0,"name":"Shaded","section":"Shading Mode"},"sceneLighting":false,"audioPlay":false,"sceneViewState":{"m_AlwaysRefresh":false,"showFog":true,"showSkybox":false,"showFlares":true,"showImageEffects":true,"showParticleSystems":true,"showVisualEffectGraphs":true,"m_FxEnabled":true},"in2DMode":false,"pivot":{"x":3.308995485305786,"y":1.4265695810317994,"z":1.5876414775848389},"rotation":{"x":0.11498748511075974,"y":-0.722663938999176,"z":0.12382487207651138,"w":0.6700985431671143},"size":0.02692771703004837,"orthographic":false}