{"cameraMode":{"drawMode":0,"name":"Shaded","section":"Shading Mode"},"sceneLighting":false,"audioPlay":false,"sceneViewState":{"m_AlwaysRefresh":false,"showFog":true,"showSkybox":false,"showFlares":true,"showImageEffects":true,"showParticleSystems":true,"showVisualEffectGraphs":true,"m_FxEnabled":true},"in2DMode":false,"pivot":{"x":3.629535436630249,"y":1.5733187198638917,"z":2.217348098754883},"rotation":{"x":0.13172893226146699,"y":-0.6857197284698486,"z":0.12810012698173524,"w":0.7041701078414917},"size":0.02692771703004837,"orthographic":false}