{"cameraMode":{"drawMode":0,"name":"Shaded","section":"Shading Mode"},"sceneLighting":false,"audioPlay":false,"sceneViewState":{"m_AlwaysRefresh":false,"showFog":true,"showSkybox":false,"showFlares":true,"showImageEffects":true,"showParticleSystems":true,"showVisualEffectGraphs":true,"m_FxEnabled":true},"in2DMode":false,"pivot":{"x":-0.18160505592823029,"y":0.08893823623657227,"z":1.0961558818817139},"rotation":{"x":0.08240624517202378,"y":-0.3266657888889313,"z":0.028491253033280374,"w":0.9410114288330078},"size":2.4613194465637209,"orthographic":false}