{"cameraMode":{"drawMode":0,"name":"Shaded","section":"Shading Mode"},"sceneLighting":false,"audioPlay":false,"sceneViewState":{"m_AlwaysRefresh":false,"showFog":true,"showSkybox":false,"showFlares":true,"showImageEffects":true,"showParticleSystems":true,"showVisualEffectGraphs":true,"m_FxEnabled":true},"in2DMode":false,"pivot":{"x":0.023469924926757814,"y":0.896522581577301,"z":-0.018979549407958986},"rotation":{"x":0.07989951968193054,"y":-0.767446756362915,"z":0.09738211333751679,"w":0.628489077091217},"size":2.8609585762023927,"orthographic":false}