{"cameraMode":{"drawMode":0,"name":"Shaded","section":"Shading Mode"},"sceneLighting":false,"audioPlay":false,"sceneViewState":{"m_AlwaysRefresh":false,"showFog":true,"showSkybox":false,"showFlares":true,"showImageEffects":true,"showParticleSystems":true,"showVisualEffectGraphs":true,"m_FxEnabled":true},"in2DMode":false,"pivot":{"x":1.467507004737854,"y":0.35190966725349429,"z":-1.619620442390442},"rotation":{"x":0.028111742809414865,"y":0.9297735691070557,"z":-0.07299846410751343,"w":0.3594730496406555},"size":2.909818172454834,"orthographic":false}