{"cameraMode":{"drawMode":0,"name":"Shaded","section":"Shading Mode"},"sceneLighting":false,"audioPlay":false,"sceneViewState":{"m_AlwaysRefresh":false,"showFog":true,"showSkybox":false,"showFlares":true,"showImageEffects":true,"showParticleSystems":true,"showVisualEffectGraphs":true,"m_FxEnabled":true},"in2DMode":false,"pivot":{"x":1.4250755310058594,"y":1.1804128885269166,"z":1.5301918983459473},"rotation":{"x":0.08840417116880417,"y":-0.7149733304977417,"z":0.09180925786495209,"w":0.6873215436935425},"size":1.0618380308151246,"orthographic":false}