{"cameraMode":{"drawMode":0,"name":"Shaded","section":"Shading Mode"},"sceneLighting":false,"audioPlay":false,"sceneViewState":{"m_AlwaysRefresh":false,"showFog":true,"showSkybox":false,"showFlares":true,"showImageEffects":true,"showParticleSystems":true,"showVisualEffectGraphs":true,"m_FxEnabled":true},"in2DMode":false,"pivot":{"x":3.7574126720428469,"y":1.4651840925216675,"z":1.0659292936325074},"rotation":{"x":0.10650215297937393,"y":-0.6654858589172363,"z":0.09662085771560669,"w":0.7323232293128967},"size":0.7921489477157593,"orthographic":false}