{"cameraMode":{"drawMode":0,"name":"Shaded","section":"Shading Mode"},"sceneLighting":false,"audioPlay":false,"sceneViewState":{"m_AlwaysRefresh":false,"showFog":true,"showSkybox":false,"showFlares":true,"showImageEffects":true,"showParticleSystems":true,"showVisualEffectGraphs":true,"m_FxEnabled":true},"in2DMode":false,"pivot":{"x":-0.05737568810582161,"y":2.0792648792266847,"z":8.157036781311036},"rotation":{"x":0.011610029265284539,"y":-0.9870024919509888,"z":0.0833992063999176,"w":0.13625815510749818},"size":0.054617125540971759,"orthographic":false}