{"cameraMode":{"drawMode":0,"name":"Shaded","section":"Shading Mode"},"sceneLighting":false,"audioPlay":false,"sceneViewState":{"m_AlwaysRefresh":false,"showFog":true,"showSkybox":false,"showFlares":true,"showImageEffects":true,"showParticleSystems":true,"showVisualEffectGraphs":true,"m_FxEnabled":true},"in2DMode":false,"pivot":{"x":6.7361931800842289,"y":2.5877058506011965,"z":0.50727379322052},"rotation":{"x":0.11364129930734635,"y":-0.652576744556427,"z":0.09975816309452057,"w":0.7423667907714844},"size":0.054617125540971759,"orthographic":false}