{"cameraMode":{"drawMode":0,"name":"Shaded","section":"Shading Mode"},"sceneLighting":false,"audioPlay":false,"sceneViewState":{"m_AlwaysRefresh":false,"showFog":true,"showSkybox":false,"showFlares":true,"showImageEffects":true,"showParticleSystems":true,"showVisualEffectGraphs":true,"m_FxEnabled":true},"in2DMode":false,"pivot":{"x":2.0169758796691896,"y":1.8754006624221802,"z":3.224466562271118},"rotation":{"x":0.13575121760368348,"y":-0.7716180682182312,"z":0.1755673587322235,"w":0.5959784984588623},"size":0.024338584393262864,"orthographic":false}