{"cameraMode":{"drawMode":0,"name":"Shaded","section":"Shading Mode"},"sceneLighting":false,"audioPlay":false,"sceneViewState":{"m_AlwaysRefresh":false,"showFog":true,"showSkybox":false,"showFlares":true,"showImageEffects":true,"showParticleSystems":true,"showVisualEffectGraphs":true,"m_FxEnabled":true},"in2DMode":false,"pivot":{"x":2.856766700744629,"y":2.322538375854492,"z":3.470644950866699},"rotation":{"x":0.11819333583116532,"y":-0.8013753294944763,"z":0.16848991811275483,"w":0.5614937543869019},"size":0.024338584393262864,"orthographic":false}