{"cameraMode":{"drawMode":0,"name":"Shaded","section":"Shading Mode"},"sceneLighting":false,"audioPlay":false,"sceneViewState":{"m_AlwaysRefresh":false,"showFog":true,"showSkybox":false,"showFlares":true,"showImageEffects":true,"showParticleSystems":true,"showVisualEffectGraphs":true,"m_FxEnabled":true},"in2DMode":false,"pivot":{"x":1.7670649290084839,"y":1.5561071634292603,"z":2.395960569381714},"rotation":{"x":0.09891368448734284,"y":-0.7677381634712219,"z":0.1221071407198906,"w":0.6210654377937317},"size":0.024338584393262864,"orthographic":false}