{"cameraMode":{"drawMode":0,"name":"Shaded","section":"Shading Mode"},"sceneLighting":true,"audioPlay":false,"sceneViewState":{"m_AlwaysRefresh":false,"showFog":true,"showSkybox":true,"showFlares":true,"showImageEffects":true,"showParticleSystems":true,"showVisualEffectGraphs":true,"m_FxEnabled":true},"in2DMode":false,"pivot":{"x":-0.6554085612297058,"y":-6.323299884796143,"z":25.625640869140626},"rotation":{"x":0.350806325674057,"y":-0.040358271449804309,"z":0.015080984681844712,"w":0.9353628158569336},"size":13.514177322387696,"orthographic":false}