{"cameraMode":{"drawMode":0,"name":"Shaded","section":"Shading Mode"},"sceneLighting":true,"audioPlay":false,"sceneViewState":{"m_AlwaysRefresh":false,"showFog":true,"showSkybox":true,"showFlares":true,"showImageEffects":true,"showParticleSystems":true,"showVisualEffectGraphs":true,"m_FxEnabled":true},"in2DMode":false,"pivot":{"x":0.6493130326271057,"y":4.5906982421875,"z":-0.5821410417556763},"rotation":{"x":0.49076956510543826,"y":0.027778401970863344,"z":-0.015663137659430505,"w":0.8705999851226807},"size":1.0307763814926148,"orthographic":false}