{"cameraMode":{"drawMode":0,"name":"Shaded","section":"Shading Mode"},"sceneLighting":true,"audioPlay":false,"sceneViewState":{"m_AlwaysRefresh":false,"showFog":true,"showSkybox":true,"showFlares":true,"showImageEffects":true,"showParticleSystems":true,"showVisualEffectGraphs":true,"m_FxEnabled":true},"in2DMode":false,"pivot":{"x":-12.519698143005371,"y":1.7133820056915284,"z":24.072927474975587},"rotation":{"x":-0.1064431443810463,"y":0.6954459547996521,"z":-0.10530826449394226,"w":-0.7026848793029785},"size":12.512834548950196,"orthographic":false}