{"cameraMode":{"drawMode":0,"name":"Shaded","section":"Shading Mode"},"sceneLighting":true,"audioPlay":false,"sceneViewState":{"m_AlwaysRefresh":false,"showFog":true,"showSkybox":true,"showFlares":true,"showImageEffects":true,"showParticleSystems":true,"showVisualEffectGraphs":true,"m_FxEnabled":true},"in2DMode":false,"pivot":{"x":-0.2832043170928955,"y":0.8235620856285095,"z":0.4416764974594116},"rotation":{"x":-0.15548384189605714,"y":0.049747854471206668,"z":-0.007559170480817556,"w":-0.9864931106567383},"size":1.2164180278778077,"orthographic":false}