{"cameraMode":{"drawMode":0,"name":"Shaded","section":"Shading Mode"},"sceneLighting":false,"audioPlay":false,"sceneViewState":{"m_AlwaysRefresh":false,"showFog":true,"showSkybox":false,"showFlares":true,"showImageEffects":true,"showParticleSystems":true,"showVisualEffectGraphs":true,"m_FxEnabled":true},"in2DMode":false,"pivot":{"x":0.5133136510848999,"y":-0.4612171947956085,"z":1.654290795326233},"rotation":{"x":0.12565627694129945,"y":0.06877446174621582,"z":-0.008809302933514119,"w":0.9895645380020142},"size":5.49521017074585,"orthographic":false}