{"cameraMode":{"drawMode":0,"name":"Shaded","section":"Shading Mode"},"sceneLighting":false,"audioPlay":false,"sceneViewState":{"m_AlwaysRefresh":false,"showFog":true,"showSkybox":false,"showFlares":true,"showImageEffects":true,"showParticleSystems":true,"showVisualEffectGraphs":true,"m_FxEnabled":true},"in2DMode":false,"pivot":{"x":3.894735813140869,"y":1.5933725833892823,"z":0.4334476888179779},"rotation":{"x":0.06035790592432022,"y":-0.6822360754013062,"z":0.05654864013195038,"w":0.7263228297233582},"size":0.025994502007961274,"orthographic":false}