{"cameraMode":{"drawMode":0,"name":"Shaded","section":"Shading Mode"},"sceneLighting":false,"audioPlay":false,"sceneViewState":{"m_AlwaysRefresh":false,"showFog":true,"showSkybox":false,"showFlares":true,"showImageEffects":true,"showParticleSystems":true,"showVisualEffectGraphs":true,"m_FxEnabled":true},"in2DMode":false,"pivot":{"x":3.548466682434082,"y":1.9115122556686402,"z":-2.0673227310180666},"rotation":{"x":0.12802812457084657,"y":-0.46830958127975466,"z":0.06867051869630814,"w":0.8714384436607361},"size":0.025994502007961274,"orthographic":false}