{"cameraMode":{"drawMode":0,"name":"Shaded","section":"Shading Mode"},"sceneLighting":false,"audioPlay":false,"sceneViewState":{"m_AlwaysRefresh":false,"showFog":true,"showSkybox":false,"showFlares":true,"showImageEffects":true,"showParticleSystems":true,"showVisualEffectGraphs":true,"m_FxEnabled":true},"in2DMode":false,"pivot":{"x":1.881555199623108,"y":2.0990819931030275,"z":4.306377410888672},"rotation":{"x":0.0875302404165268,"y":-0.8712009787559509,"z":0.16823060810565949,"w":0.45264139771461489},"size":0.024338584393262864,"orthographic":false}