{"cameraMode":{"drawMode":0,"name":"Shaded","section":"Shading Mode"},"sceneLighting":false,"audioPlay":false,"sceneViewState":{"m_AlwaysRefresh":false,"showFog":true,"showSkybox":false,"showFlares":true,"showImageEffects":true,"showParticleSystems":true,"showVisualEffectGraphs":true,"m_FxEnabled":true},"in2DMode":false,"pivot":{"x":2.9405007362365724,"y":1.1451125144958497,"z":1.5141898393630982},"rotation":{"x":0.10107244551181793,"y":-0.7111439108848572,"z":0.10436169803142548,"w":0.6877537965774536},"size":0.024338584393262864,"orthographic":false}