{"cameraMode":{"drawMode":0,"name":"Shaded","section":"Shading Mode"},"sceneLighting":false,"audioPlay":false,"sceneViewState":{"m_AlwaysRefresh":false,"showFog":true,"showSkybox":false,"showFlares":true,"showImageEffects":true,"showParticleSystems":true,"showVisualEffectGraphs":true,"m_FxEnabled":true},"in2DMode":false,"pivot":{"x":-0.7289924621582031,"y":0.376034140586853,"z":1.0691473484039307},"rotation":{"x":0.051693517714738849,"y":-0.828812837600708,"z":0.07751072198152542,"w":0.5515447854995728},"size":2.7940096855163576,"orthographic":false}