{"cameraMode":{"drawMode":0,"name":"Shaded","section":"Shading Mode"},"sceneLighting":false,"audioPlay":false,"sceneViewState":{"m_AlwaysRefresh":false,"showFog":true,"showSkybox":false,"showFlares":true,"showImageEffects":true,"showParticleSystems":true,"showVisualEffectGraphs":true,"m_FxEnabled":true},"in2DMode":false,"pivot":{"x":0.009684697724878788,"y":-0.02190244197845459,"z":1.033969521522522},"rotation":{"x":0.20053277909755708,"y":0.2710461914539337,"z":-0.05797363817691803,"w":0.939558744430542},"size":2.4613189697265627,"orthographic":false}