{"cameraMode":{"drawMode":0,"name":"Shaded","section":"Shading Mode"},"sceneLighting":false,"audioPlay":false,"sceneViewState":{"m_AlwaysRefresh":false,"showFog":true,"showSkybox":false,"showFlares":true,"showImageEffects":true,"showParticleSystems":true,"showVisualEffectGraphs":true,"m_FxEnabled":true},"in2DMode":false,"pivot":{"x":-1.0468173027038575,"y":-0.8966108560562134,"z":-1.112922191619873},"rotation":{"x":0.04321328550577164,"y":-0.9501051902770996,"z":0.15262366831302644,"w":0.26823416352272036},"size":2.9098174571990969,"orthographic":false}