{"cameraMode":{"drawMode":0,"name":"Shaded","section":"Shading Mode"},"sceneLighting":false,"audioPlay":false,"sceneViewState":{"m_AlwaysRefresh":false,"showFog":true,"showSkybox":false,"showFlares":true,"showImageEffects":true,"showParticleSystems":true,"showVisualEffectGraphs":true,"m_FxEnabled":true},"in2DMode":false,"pivot":{"x":-1.8224073648452759,"y":-1.226135015487671,"z":-0.07729973644018173},"rotation":{"x":0.10864029079675675,"y":-0.6488406658172607,"z":0.09420686215162277,"w":0.7470860481262207},"size":2.6991593837738039,"orthographic":false}